timestamp,symbol,open,high,low,close,volume,num_trades,quote_volume,taker_volume,price_range,price_change,volume_per_trade,taker_ratio
2026-02-24T16:48:55,BTCUSDT,64009.07,64009.07,64009.06,64009.07,0.45217,18,28942.976771,0.01108,0.010000000002037268,0.0,0.025120555555555556,3.82821714838324e-07
2026-02-24T16:48:56,BTCUSDT,64009.07,64009.07,64009.06,64009.06,0.0153,2,979.3386245,0.00065,0.010000000002037268,-0.010000000002037268,0.00765,6.637132282328357e-07
2026-02-24T16:48:57,BTCUSDT,64009.06,64009.07,64009.06,64009.06,0.05443,6,3484.0133163,0.01805,0.010000000002037268,0.0,0.009071666666666667,5.180806834334659e-06
2026-02-24T16:48:58,BTCUSDT,64009.07,64009.07,64009.06,64009.07,0.00907,4,580.5622535,0.00793,0.010000000002037268,0.0,0.0022675,1.365917255590231e-05
2026-02-24T16:48:59,BTCUSDT,64009.07,64009.07,64009.06,64009.07,0.00326,16,208.669567,0.00314,0.010000000002037268,0.0,0.00020375,1.5047714169071908e-05
2026-02-24T16:49:00,BTCUSDT,64009.07,64013.72,64009.07,64013.72,0.03823,102,2447.2075024,0.03433,4.650000000001455,4.650000000001455,0.00037480392156862745,1.4028234208309771e-05
2026-02-24T16:49:01,BTCUSDT,64013.72,64013.72,63990.44,63990.45,0.16034,735,10262.1157598,0.01132,23.279999999998836,-23.270000000004075,0.0002181496598639456,1.103086367856429e-06
2026-02-24T16:49:02,BTCUSDT,63990.44,63990.44,63983.13,63983.14,0.02144,186,1371.8877699,0.00093,7.310000000004948,-7.30000000000291,0.00011526881720430108,6.778980179025795e-07
2026-02-24T16:49:03,BTCUSDT,63983.14,63983.14,63983.13,63983.13,0.00208,2,133.0849139,0.00035,0.010000000002037268,-0.010000000002037268,0.00104,2.6298998867970112e-06
2026-02-24T16:49:04,BTCUSDT,63983.13,63983.13,63983.13,63983.13,0.0,0,0.0,0.0,0.0,0.0,0,0
2026-02-24T16:49:05,BTCUSDT,63983.13,63983.13,63969.3,63971.31,0.50986,403,32619.8213546,0.20933,13.82999999999447,-11.819999999999709,0.0012651612903225805,6.4172638385856935e-06
2026-02-24T16:49:06,BTCUSDT,63971.31,63971.31,63971.3,63971.3,0.00103,4,65.8904406,0.00016,0.00999999999476131,-0.00999999999476131,0.0002575,2.428273335904814e-06
2026-02-24T17:09:05,BTCUSDT,64438.65,64438.65,64435.57,64435.57,0.06301,83,4060.1106953,0.04839,3.0800000000017462,-3.0800000000017462,0.000759156626506024,1.191839425856454e-05
2026-02-24T17:09:06,BTCUSDT,64435.57,64442.25,64429.82,64429.82,3.2544,230,209710.0346995,2.04126,12.430000000000291,-5.75,0.014149565217391304,9.733725917908432e-06
2026-02-24T17:09:07,BTCUSDT,64429.82,64429.82,64420.11,64420.11,0.18745,258,12076.5541617,0.00088,9.709999999999127,-9.709999999999127,0.0007265503875968992,7.286846796007941e-08
2026-02-24T17:09:08,BTCUSDT,64420.11,64420.12,64420.11,64420.12,0.01576,4,1015.2610888,0.01552,0.010000000002037268,0.010000000002037268,0.00394,1.528670818886997e-05
2026-02-24T17:09:09,BTCUSDT,64420.11,64420.12,64420.11,64420.12,0.00892,17,574.6274358,0.00546,0.010000000002037268,0.010000000002037268,0.0005247058823529412,9.501808754395017e-06
2026-02-24T17:09:10,BTCUSDT,64420.12,64435.58,64420.11,64435.58,0.30584,187,19705.231533,0.30574,15.470000000001164,15.459999999999127,0.0016355080213903744,1.5515676610446456e-05
2026-02-24T17:09:11,BTCUSDT,64435.58,64435.58,64435.57,64435.58,0.0439,8,2828.7215388,0.00158,0.010000000002037268,0.0,0.0054875,5.585562164136762e-07
2026-02-24T17:09:12,BTCUSDT,64435.57,64435.57,64435.57,64435.57,0.00144,10,92.7872208,0.0,0.0,0.0,0.000144,0.0
2026-02-24T17:09:13,BTCUSDT,64435.58,64435.58,64435.57,64435.58,0.00379,10,244.2108214,0.00111,0.010000000002037268,0.0,0.000379,4.5452531285740975e-06
2026-02-24T17:09:14,BTCUSDT,64435.57,64435.58,64435.57,64435.57,0.01764,5,1136.6434631,0.00083,0.010000000002037268,0.0,0.003528,7.302201850845273e-07
2026-02-24T17:09:15,BTCUSDT,64435.57,64435.57,64435.57,64435.57,0.003,3,193.30671,0.0,0.0,0.0,0.001,0.0
2026-02-24T17:09:16,BTCUSDT,64435.57,64435.58,64435.57,64435.57,0.047,3,3028.4718053,0.00153,0.010000000002037268,0.0,0.015666666666666666,5.052052977090333e-07
2026-02-24T17:09:17,BTCUSDT,64435.58,64435.58,64435.57,64435.57,0.00319,5,205.5494768,0.00085,0.010000000002037268,-0.010000000002037268,0.000638,4.135257424308851e-06
2026-02-24T17:09:18,BTCUSDT,64435.58,64435.58,64435.57,64435.57,0.14575,15,9391.4843626,0.00351,0.010000000002037268,-0.010000000002037268,0.009716666666666667,3.7374283600769035e-07
2026-02-24T17:09:19,BTCUSDT,64435.57,64436.15,64435.57,64436.15,0.7983,69,51438.9222097,0.59533,0.5800000000017462,0.5800000000017462,0.011569565217391305,1.1573531762058124e-05
2026-02-24T17:09:20,BTCUSDT,64436.15,64436.16,64436.15,64436.15,0.02905,5,1871.8704384,0.02809,0.010000000002037268,0.0,0.00581,1.5006380475782399e-05
2026-02-24T17:09:21,BTCUSDT,64436.16,64436.16,64436.15,64436.15,0.0172,4,1108.3019284,0.01484,0.010000000002037268,-0.010000000002037268,0.0043,1.3389853089422813e-05
2026-02-24T17:09:22,BTCUSDT,64436.16,64440.19,64436.16,64440.19,0.40161,78,25878.895104,0.40161,4.029999999998836,4.029999999998836,0.005148846153846154,1.551882328770384e-05
2026-02-24T17:09:23,BTCUSDT,64440.18,64440.18,64435.57,64435.57,0.21573,62,13900.8359953,0.00155,4.610000000000582,-4.610000000000582,0.003479516129032258,1.115040851157491e-07
2026-02-24T17:09:24,BTCUSDT,64435.58,64435.58,64422.65,64422.65,0.64776,184,41738.1651193,0.06342,12.930000000000291,-12.930000000000291,0.0035204347826086955,1.519472641375751e-06
2026-02-24T17:09:25,BTCUSDT,64422.66,64422.66,64400.0,64400.0,0.50085,398,32261.6148669,0.04849,22.660000000003492,-22.660000000003492,0.0012584170854271358,1.503024575801694e-06
2026-02-24T17:09:26,BTCUSDT,64400.01,64400.01,64379.11,64379.11,0.72018,349,46377.3461789,0.01862,20.900000000001455,-20.900000000001455,0.0020635530085959886,4.0148912204190375e-07
2026-02-24T17:09:27,BTCUSDT,64379.11,64388.26,64379.11,64388.26,0.5536,134,35640.5003393,0.54339,9.150000000001455,9.150000000001455,0.004131343283582089,1.5246418956717501e-05
2026-02-24T17:09:28,BTCUSDT,64388.26,64388.26,64374.62,64374.62,0.06681,335,4301.1720072,0.00227,13.639999999999418,-13.639999999999418,0.0001994328358208955,5.277631297237371e-07
2026-02-24T17:09:29,BTCUSDT,64374.63,64374.63,64374.62,64374.63,0.00435,4,280.0296184,0.00214,0.00999999999476131,0.0,0.0010875,7.642048766938576e-06
2026-02-24T17:09:30,BTCUSDT,64374.63,64379.95,64374.63,64379.95,0.00952,69,612.8710882,0.00952,5.319999999999709,5.319999999999709,0.00013797101449275362,1.5533446075846395e-05
2026-02-24T17:09:31,BTCUSDT,64379.94,64379.96,64379.94,64379.96,0.00954,35,614.1847504,0.00682,0.01999999999679858,0.01999999999679858,0.00027257142857142855,1.1104150657531532e-05
2026-02-24T17:09:32,BTCUSDT,64379.95,64379.96,64366.74,64366.74,0.68912,295,44363.528522,0.00482,13.220000000001164,-13.209999999999127,0.002336,1.08647805090836e-07
2026-02-24T17:11:35,BTCUSDT,64416.01,64421.04,64416.01,64421.03,0.04053,55,2610.9250607,0.03967,5.029999999998836,5.019999999996799,0.0007369090909090908,1.5193848570040652e-05
2026-02-24T17:11:36,BTCUSDT,64421.04,64421.04,64421.03,64421.04,0.00769,3,495.3977331,0.00124,0.010000000002037268,0.0,0.0025633333333333333,2.5030393099309885e-06
2026-02-24T17:11:37,BTCUSDT,64421.04,64426.0,64421.04,64426.0,0.05614,118,3616.6841895,0.05447,4.959999999999127,4.959999999999127,0.0004757627118644068,1.506075652337518e-05
2026-02-24T17:11:38,BTCUSDT,64425.99,64425.99,64425.17,64425.17,0.20627,74,13289.1484534,0.0,0.819999999999709,-0.819999999999709,0.0027874324324324326,0.0
2026-02-24T17:11:39,BTCUSDT,64425.16,64425.16,64414.44,64414.44,0.10449,253,6731.472969,0.00064,10.720000000001164,-10.720000000001164,0.00041300395256917,9.507577360071845e-08
2026-02-24T17:11:40,BTCUSDT,64414.45,64414.45,64414.44,64414.44,0.04851,6,3124.7449532,0.04688,0.00999999999476131,-0.00999999999476131,0.008085,1.5002824455157839e-05
2026-02-24T17:11:41,BTCUSDT,64414.44,64414.45,64414.44,64414.45,0.00157,2,101.1306787,0.00079,0.00999999999476131,0.00999999999476131,0.000785,7.811675054050636e-06
2026-02-24T17:11:42,BTCUSDT,64414.45,64414.45,64414.45,64414.45,0.0018,2,115.94601,0.0018,0.0,0.0,0.0009,1.5524466948021755e-05
2026-02-24T17:11:43,BTCUSDT,64414.45,64414.45,64414.44,64414.44,0.00465,2,299.527154,0.0008,0.00999999999476131,-0.00999999999476131,0.002325,2.6708763773717825e-06
2026-02-24T17:11:44,BTCUSDT,64414.44,64414.45,64414.44,64414.44,0.00706,4,454.7659703,0.00239,0.00999999999476131,0.0,0.001765,5.255450398857604e-06
2026-02-24T17:11:45,BTCUSDT,64414.44,64414.44,64414.44,64414.44,0.08279,4,5332.8714876,0.0,0.0,0.0,0.0206975,0.0
2026-02-24T17:11:46,BTCUSDT,64414.44,64414.58,64401.62,64401.62,8.17131,437,526349.9286018,1.37889,12.959999999999127,-12.819999999999709,0.018698649885583524,2.619721073512623e-06
2026-02-24T17:11:47,BTCUSDT,64401.62,64407.89,64401.62,64407.89,1.0983,165,70735.1310599,1.0982,6.269999999996799,6.269999999996799,0.0066563636363636365,1.5525524354652303e-05
2026-02-24T17:11:48,BTCUSDT,64407.89,64425.96,64407.89,64425.96,0.09448,534,6086.0173427,0.09448,18.06999999999971,18.06999999999971,0.00017692883895131084,1.5524109558006106e-05
2026-02-24T17:11:49,BTCUSDT,64425.96,64429.55,64425.96,64429.55,0.15815,164,10189.4824546,0.01834,3.5900000000037835,3.5900000000037835,0.000964329268292683,1.7998951449904584e-06
2026-02-24T17:11:50,BTCUSDT,64429.56,64429.56,64429.55,64429.55,0.05044,9,3249.8269678,0.04658,0.00999999999476131,-0.00999999999476131,0.005604444444444444,1.4333070794699189e-05
2026-02-24T17:11:51,BTCUSDT,64429.56,64434.52,64429.56,64434.52,0.14942,346,9627.1417065,0.14744,4.959999999999127,4.959999999999127,0.00043184971098265897,1.5315033734306857e-05
2026-02-24T17:11:52,BTCUSDT,64434.52,64434.52,64414.5,64414.5,0.29349,671,18909.0195987,0.0,20.0199999999968,-20.0199999999968,0.0004373919523099851,0.0
2026-02-24T17:11:53,BTCUSDT,64414.44,64416.75,64414.44,64416.75,0.02499,72,1609.7202078,0.00511,2.3099999999976717,2.3099999999976717,0.0003470833333333333,3.17446471457535e-06
2026-02-24T17:11:54,BTCUSDT,64416.76,64416.76,64416.75,64416.75,0.00551,5,354.9363036,0.00111,0.010000000002037268,-0.010000000002037268,0.0011020000000000001,3.12732168769901e-06
2026-02-24T17:11:55,BTCUSDT,64416.76,64416.76,64416.75,64416.75,0.16464,2,10605.5739692,0.02492,0.010000000002037268,-0.010000000002037268,0.08232,2.3497078114179394e-06
2026-02-24T17:11:56,BTCUSDT,64416.75,64416.76,64416.75,64416.75,0.05426,7,3495.2528627,0.00077,0.010000000002037268,0.0,0.0077514285714285714,2.2029879675291738e-07
2026-02-24T17:11:57,BTCUSDT,64416.75,64416.75,64412.8,64412.8,0.01343,103,865.100485,0.0,3.9499999999970896,-3.9499999999970896,0.0001303883495145631,0.0
2026-02-24T17:11:58,BTCUSDT,64412.25,64412.25,64412.25,64412.25,0.00076,1,48.95331,0.00076,0.0,0.0,0.00076,1.552499718609426e-05
2026-02-24T17:11:59,BTCUSDT,64412.25,64412.25,64412.25,64412.25,0.00913,2,588.0838425,0.00913,0.0,0.0,0.004565,1.552499718609426e-05
2026-02-24T17:12:00,BTCUSDT,64412.24,64416.75,64412.24,64416.75,0.50821,154,32734.9831463,0.50713,4.510000000002037,4.510000000002037,0.0033000649350649353,1.5491989036118393e-05
2026-02-24T17:12:01,BTCUSDT,64416.76,64416.76,64412.24,64412.24,0.02777,87,1788.7602271,0.00079,4.5200000000040745,-4.5200000000040745,0.0003191954022988506,4.416466712706237e-07
2026-02-24T17:12:02,BTCUSDT,64412.24,64412.25,64412.24,64412.24,0.00453,12,291.7874652,0.0018,0.010000000002037268,0.0,0.0003775,6.168873631244664e-06
2026-02-24T17:12:03,BTCUSDT,64412.24,64412.24,64402.5,64402.5,0.16558,674,10664.5982773,0.03408,9.739999999997963,-9.739999999997963,0.00024566765578635017,3.195619667413124e-06
2026-02-24T17:12:04,BTCUSDT,64402.5,64402.5,64384.84,64384.84,0.447,741,28785.9996538,0.0055,17.660000000003492,-17.660000000003492,0.0006032388663967612,1.910651033886868e-07
2026-02-24T17:12:05,BTCUSDT,64384.84,64384.84,64371.63,64371.63,0.64075,897,41247.5789242,0.04505,13.209999999999127,-13.209999999999127,0.0007143255295429209,1.0921853154772464e-06
2026-02-24T17:53:42,BTCUSDT,64105.99,64106.0,64105.99,64105.99,0.00194,9,124.3656245,0.00039,0.010000000002037268,0.0,0.00021555555555555556,3.135914780052425e-06
2026-02-24T17:53:43,BTCUSDT,64105.99,64106.0,64105.99,64106.0,0.0005,7,32.0529991,0.00041,0.010000000002037268,0.010000000002037268,7.142857142857143e-05,1.2791314744709801e-05
2026-02-24T17:53:44,BTCUSDT,64106.0,64110.51,64105.99,64110.51,0.03272,133,2097.6611195,0.02934,4.5200000000040745,4.510000000002037,0.000246015037593985,1.3987006636702837e-05
2026-02-24T17:53:45,BTCUSDT,64110.51,64110.51,64110.5,64110.51,0.01182,7,757.7862215,0.01115,0.010000000002037268,0.0,0.0016885714285714286,1.4713912293006768e-05
2026-02-24T17:53:46,BTCUSDT,64110.5,64110.51,64110.5,64110.5,0.00122,3,78.2148139,0.00039,0.010000000002037268,0.0,0.00040666666666666667,4.986267697301265e-06
2026-02-24T17:53:47,BTCUSDT,64110.51,64110.51,64110.51,64110.51,0.00049,5,31.4141499,0.00049,0.0,0.0,9.8e-05,1.5598066526065695e-05
2026-02-24T17:53:48,BTCUSDT,64110.5,64110.51,64110.5,64110.51,0.00056,3,35.9018809,9e-05,0.010000000002037268,0.010000000002037268,0.00018666666666666666,2.5068324484358703e-06
2026-02-24T17:53:49,BTCUSDT,64110.5,64110.51,64110.5,64110.5,0.00107,3,68.5982389,0.00039,0.010000000002037268,0.0,0.00035666666666666664,5.685277147836517e-06
2026-02-24T17:53:50,BTCUSDT,64110.51,64115.14,64110.51,64115.14,0.09947,314,6377.1520227,0.08836,4.629999999997381,4.629999999997381,0.0003167834394904459,1.3855714852880294e-05
2026-02-24T17:53:51,BTCUSDT,64115.14,64117.11,64115.14,64117.11,0.07255,129,4651.680166,0.06549,1.9700000000011642,1.9700000000011642,0.0005624031007751938,1.4078783936754436e-05
2026-02-24T17:53:52,BTCUSDT,64117.12,64117.12,64117.12,64117.12,0.00839,43,537.9426368,0.00839,0.0,0.0,0.00019511627906976744,1.559645848097981e-05
2026-02-24T17:53:53,BTCUSDT,64117.12,64117.12,64117.11,64117.11,0.00518,13,332.1266536,0.00238,0.010000000002037268,-0.010000000002037268,0.00039846153846153845,7.1659409872788365e-06
2026-02-24T17:53:54,BTCUSDT,64117.12,64117.12,64117.11,64117.11,0.00657,3,421.2494166,0.00039,0.010000000002037268,-0.010000000002037268,0.00219,9.258173059271602e-07
2026-02-24T17:53:55,BTCUSDT,64117.12,64117.12,64117.11,64117.11,0.03075,6,1971.6014283,0.02958,0.010000000002037268,-0.010000000002037268,0.005125,1.5003032344881771e-05
2026-02-24T17:53:56,BTCUSDT,64117.12,64117.12,64117.12,64117.12,0.00039,1,25.0056768,0.00039,0.0,0.0,0.00039,1.5596458480979806e-05
2026-02-24T17:53:57,BTCUSDT,64117.11,64117.11,64117.11,64117.11,0.0008,3,51.293688,0.0,0.0,0.0,0.0002666666666666667,0.0
2026-02-24T17:53:58,BTCUSDT,64117.12,64117.12,64117.11,64117.11,0.05563,5,3566.8348775,0.00482,0.010000000002037268,-0.010000000002037268,0.011126,1.3513381374633034e-06
2026-02-24T17:53:59,BTCUSDT,64117.12,64117.12,64117.11,64117.12,0.02677,11,1716.4150634,0.00287,0.010000000002037268,0.0,0.0024336363636363635,1.6720897300416923e-06
2026-02-24T17:54:00,BTCUSDT,64117.12,64117.12,64117.11,64117.11,0.09655,15,6190.507342,0.03715,0.010000000002037268,-0.010000000002037268,0.006436666666666666,6.0011236474840776e-06
2026-02-24T17:54:01,BTCUSDT,64117.11,64117.12,64116.33,64116.33,0.34463,132,22096.6234008,0.00094,0.7900000000008731,-0.7799999999988358,0.002610833333333333,4.2540436289735e-08
2026-02-24T17:54:02,BTCUSDT,64116.33,64116.34,64116.33,64116.33,0.09032,28,5790.9869407,0.00151,0.00999999999476131,0.0,0.0032257142857142857,2.607500268024219e-07
2026-02-24T17:54:03,BTCUSDT,64116.34,64116.34,64116.33,64116.33,0.05109,39,3275.7033054,0.00057,0.00999999999476131,-0.00999999999476131,0.0013100000000000002,1.740084332608373e-07
2026-02-24T17:54:04,BTCUSDT,64116.33,64116.33,64113.12,64113.12,0.09106,135,5838.2560253,0.00039,3.209999999999127,-3.209999999999127,0.0006745185185185185,6.680077035161536e-08
2026-02-24T17:54:05,BTCUSDT,64113.13,64113.13,64113.12,64113.12,0.00163,2,104.5044011,0.00155,0.00999999999476131,-0.00999999999476131,0.000815,1.4831911227516713e-05
2026-02-24T17:54:06,BTCUSDT,64113.12,64113.13,64113.12,64113.12,0.05262,8,3373.6323964,0.0022,0.00999999999476131,0.0,0.0065775,6.521160996520007e-07
2026-02-24T17:54:07,BTCUSDT,64113.12,64113.13,64113.12,64113.13,0.05372,6,3444.1568181,0.00117,0.00999999999476131,0.00999999999476131,0.008953333333333332,3.3970578629037023e-07
2026-02-24T17:54:08,BTCUSDT,64113.13,64113.13,64113.12,64113.12,0.00474,5,303.8962022,0.00134,0.00999999999476131,-0.00999999999476131,0.0009480000000000001,4.409400283054936e-06
2026-02-24T17:54:09,BTCUSDT,64113.13,64118.0,64113.13,64117.99,0.08534,142,5471.7520922,0.03496,4.870000000002619,4.860000000000582,0.0006009859154929578,6.389178349259571e-06
2026-02-24T17:54:10,BTCUSDT,64118.0,64118.0,64118.0,64118.0,0.001,4,64.118,0.001,0.0,0.0,0.00025,1.559624442434262e-05
2026-02-24T17:54:11,BTCUSDT,64118.0,64118.0,64117.99,64117.99,0.05627,8,3607.9195371,0.02398,0.010000000002037268,-0.010000000002037268,0.00703375,6.646489688424377e-06
2026-02-24T17:54:12,BTCUSDT,64118.0,64118.0,64118.0,64118.0,0.00034,2,21.80012,0.00034,0.0,0.0,0.00017,1.559624442434262e-05
2026-02-24T17:54:13,BTCUSDT,64118.0,64123.98,64118.0,64123.98,0.86993,256,55778.3275536,0.86955,5.980000000003201,5.980000000003201,0.0033981640625,1.5589388175262315e-05
2026-02-24T17:54:14,BTCUSDT,64123.98,64123.98,64117.99,64117.99,0.68133,292,43689.2360047,0.00116,5.990000000005239,-5.990000000005239,0.0023333219178082194,2.6551162393300025e-08
2026-02-24T17:54:15,BTCUSDT,64118.0,64118.0,64117.99,64118.0,0.03333,7,2137.0529273,0.03206,0.010000000002037268,0.0,0.004761428571428571,1.500196817329429e-05
2026-02-24T17:54:16,BTCUSDT,64117.99,64118.0,64117.99,64118.0,0.0521,11,3340.5472988,0.00198,0.010000000002037268,0.010000000002037268,0.004736363636363637,5.927172474735683e-07
2026-02-24T17:54:17,BTCUSDT,64117.99,64118.0,64117.99,64117.99,0.05394,29,3458.5244044,0.00238,0.010000000002037268,0.0,0.00186,6.881547509024714e-07
2026-02-24T17:54:18,BTCUSDT,64118.0,64118.0,64117.99,64117.99,0.05114,10,3278.9940192,0.00106,0.010000000002037268,-0.010000000002037268,0.005114,3.232698790523003e-07
2026-02-24T17:54:19,BTCUSDT,64117.99,64117.99,64115.67,64115.67,0.03124,131,2003.0088831,0.0062,2.319999999999709,-2.319999999999709,0.0002384732824427481,3.0953432370227114e-06
2026-02-24T17:54:20,BTCUSDT,64115.67,64115.68,64115.67,64115.67,0.0527,21,3378.8958158,0.00068,0.010000000002037268,0.0,0.0025095238095238096,2.0124917637894103e-07
2026-02-24T17:54:21,BTCUSDT,64115.67,64115.68,64115.67,64115.67,0.05285,13,3388.5131622,0.00027,0.010000000002037268,0.0,0.004065384615384616,7.96809653897587e-08
2026-02-24T17:54:22,BTCUSDT,64115.68,64115.68,64115.67,64115.67,0.00119,4,76.2976544,0.00071,0.010000000002037268,-0.010000000002037268,0.0002975,9.305659598363748e-06
2026-02-24T17:54:23,BTCUSDT,64115.68,64115.68,64115.67,64115.67,0.05039,22,3230.7886152,0.00039,0.010000000002037268,-0.010000000002037268,0.002290454545454545,1.2071356143981498e-07
2026-02-24T17:54:24,BTCUSDT,64115.67,64115.67,64115.67,64115.67,0.05815,3,3728.3262105,0.0,0.0,0.0,0.019383333333333332,0.0
2026-02-24T17:54:25,BTCUSDT,64115.68,64115.68,64115.67,64115.67,0.00077,2,49.3690698,0.00039,0.010000000002037268,-0.010000000002037268,0.000385,7.899682971138338e-06
2026-02-24T17:54:26,BTCUSDT,64115.67,64115.67,64103.43,64103.43,0.79532,606,50991.2384454,0.0,12.239999999997963,-12.239999999997963,0.0013124092409240924,0.0
2026-02-24T17:54:27,BTCUSDT,64103.44,64103.44,64103.43,64103.44,0.08411,33,5391.7398384,0.03411,0.010000000002037268,0.0,0.002548787878787879,6.32634381894104e-06
2026-02-24T17:54:28,BTCUSDT,64103.43,64103.43,64102.98,64102.98,0.03824,79,2451.3030619,0.01417,0.4499999999970896,-0.4499999999970896,0.00048405063291139243,5.780598988448561e-06
2026-02-24T17:54:29,BTCUSDT,64102.99,64102.99,64102.98,64102.99,0.05087,4,3260.9185975,0.00049,0.00999999999476131,0.0,0.0127175,1.502644072058901e-07
2026-02-24T17:54:30,BTCUSDT,64102.99,64102.99,64102.98,64102.98,0.11239,7,7204.5345423,0.06201,0.00999999999476131,-0.00999999999476131,0.016055714285714288,8.607079282626871e-06
2026-02-24T17:54:31,BTCUSDT,64102.98,64102.98,64102.98,64102.98,0.0013,1,83.333874,0.0,0.0,0.0,0.0013,0.0
2026-02-24T17:54:32,BTCUSDT,64102.99,64102.99,64102.98,64102.99,0.05155,4,3304.5086307,0.00117,0.00999999999476131,0.0,0.0128875,3.540617171128879e-07
2026-02-24T17:58:02,BTCUSDT,64246.27,64246.28,64246.27,64246.28,0.05282,21,3393.4880071,0.00257,0.010000000002037268,0.010000000002037268,0.002515238095238095,7.573328665440799e-07
2026-02-24T17:58:03,BTCUSDT,64246.28,64246.28,64246.27,64246.27,0.06678,7,4290.3659786,0.0068,0.010000000002037268,-0.010000000002037268,0.009540000000000002,1.584946373786724e-06
2026-02-24T17:58:04,BTCUSDT,64246.27,64246.27,64246.27,64246.27,0.00231,4,148.4088837,0.0,0.0,0.0,0.0005775,0.0
2026-02-24T17:58:05,BTCUSDT,64246.28,64246.28,64246.27,64246.28,0.21192,4,13615.0707956,0.12572,0.010000000002037268,0.0,0.05298,9.233885147378675e-06
2026-02-24T17:58:06,BTCUSDT,64246.27,64246.27,64246.27,64246.27,0.05,1,3212.3135,0.0,0.0,0.0,0.05,0.0
2026-02-24T17:58:07,BTCUSDT,64246.28,64246.28,64246.28,64246.28,0.08923,5,5732.6955644,0.08923,0.0,0.0,0.017846,1.5565103535955702e-05
2026-02-24T17:58:08,BTCUSDT,64246.28,64246.28,64246.27,64246.27,0.00143,3,91.8721669,8e-05,0.010000000002037268,-0.010000000002037268,0.0004766666666666667,8.707751509450901e-07
2026-02-24T17:58:09,BTCUSDT,64246.27,64246.28,64246.27,64246.28,0.0124,6,796.65387,0.0122,0.010000000002037268,0.010000000002037268,0.0020666666666666667,1.5314053517370097e-05
2026-02-24T17:58:10,BTCUSDT,64246.28,64246.28,64246.27,64246.28,0.02841,8,1825.2368072,0.02765,0.010000000002037268,0.0,0.00355125,1.5148719273537123e-05
2026-02-24T17:58:11,BTCUSDT,64246.27,64246.28,64246.27,64246.28,0.03204,3,2058.4504999,0.00091,0.010000000002037268,0.010000000002037268,0.01068,4.420800986199124e-07
2026-02-24T17:58:12,BTCUSDT,64246.28,64246.28,64246.28,64246.28,0.00011,1,7.0670908,0.00011,0.0,0.0,0.00011,1.5565103535955702e-05
2026-02-24T17:58:13,BTCUSDT,64246.28,64246.28,64246.27,64246.27,0.00122,3,78.3804537,0.00043,0.010000000002037268,-0.010000000002037268,0.00040666666666666667,5.4860616352875225e-06
2026-02-24T17:58:14,BTCUSDT,64246.28,64252.96,64246.28,64252.96,0.53727,197,34519.0466217,0.53518,6.680000000000291,6.680000000000291,0.0027272588832487313,1.5503904434706063e-05
2026-02-24T17:58:15,BTCUSDT,64252.96,64259.39,64250.53,64250.53,1.76807,450,113613.4285634,0.21049,8.860000000000582,-2.430000000000291,0.003929044444444444,1.8526859250844608e-06
2026-02-24T17:58:16,BTCUSDT,64250.54,64250.54,64250.53,64250.54,0.05428,41,3487.5187925,0.00241,0.010000000002037268,0.0,0.0013239024390243903,6.910357028563596e-07
2026-02-24T17:58:17,BTCUSDT,64250.53,64250.53,64247.63,64247.64,0.10055,125,6460.1445185,0.00054,2.900000000001455,-2.889999999999418,0.0008044,8.35894612657031e-08
2026-02-24T17:58:18,BTCUSDT,64247.64,64247.64,64247.64,64247.64,0.00035,2,22.486674,0.00035,0.0,0.0,0.000175,1.556477405240099e-05
2026-02-24T17:58:19,BTCUSDT,64247.63,64247.64,64247.63,64247.63,0.0925,27,5942.905777,0.0002,0.010000000002037268,0.0,0.003425925925925926,3.3653570745481466e-08
2026-02-24T17:58:20,BTCUSDT,64247.63,64247.64,64247.63,64247.64,0.13602,12,8738.96265,0.00174,0.010000000002037268,0.010000000002037268,0.011335,1.991083003427186e-07
2026-02-24T17:58:21,BTCUSDT,64247.63,64247.63,64247.63,64247.63,0.00107,2,68.7449641,0.0,0.0,0.0,0.000535,0.0
2026-02-24T17:58:22,BTCUSDT,64247.63,64247.64,64247.63,64247.63,0.12941,4,8314.2858063,0.0008,0.010000000002037268,0.0,0.0323525,9.62199302066107e-08
2026-02-24T17:58:23,BTCUSDT,64247.63,64247.63,64247.63,64247.63,0.0,0,0.0,0.0,0.0,0.0,0,0
2026-02-24T17:58:24,BTCUSDT,64247.64,64247.64,64247.64,64247.64,0.00159,2,102.1537476,0.00159,0.0,0.0,0.000795,1.556477405240099e-05
2026-02-24T17:58:25,BTCUSDT,64247.63,64247.64,64247.63,64247.63,0.22002,39,14135.7651994,0.16468,0.010000000002037268,0.0,0.005641538461538462,1.1649882243869607e-05
2026-02-24T17:58:26,BTCUSDT,64247.63,64247.64,64247.63,64247.63,0.05219,4,3353.0838105,8e-05,0.010000000002037268,0.0,0.0130475,2.3858634177136984e-08
2026-02-24T17:58:27,BTCUSDT,64247.63,64247.64,64247.63,64247.63,0.00382,3,245.4259652,0.00186,0.010000000002037268,0.0,0.0012733333333333333,7.578660222378133e-06
2026-02-24T17:58:28,BTCUSDT,64247.63,64247.64,64247.63,64247.64,0.1501,6,9643.5702589,0.09959,0.010000000002037268,0.010000000002037268,0.02501666666666667,1.0327088135028509e-05
2026-02-24T17:58:29,BTCUSDT,64247.63,64247.63,64247.63,64247.63,0.05,1,3212.3815,0.0,0.0,0.0,0.05,0.0
2026-02-24T17:58:30,BTCUSDT,64247.63,64247.63,64247.63,64247.63,0.00031,1,19.9167653,0.0,0.0,0.0,0.00031,0.0
2026-02-24T17:58:31,BTCUSDT,64247.63,64247.64,64247.63,64247.64,0.0706,6,4535.8826891,0.00111,0.010000000002037268,0.010000000002037268,0.011766666666666667,2.447153235835215e-07
2026-02-24T17:58:32,BTCUSDT,64247.64,64247.64,64247.63,64247.63,0.05694,4,3658.2600781,0.00259,0.010000000002037268,-0.010000000002037268,0.014235,7.079868420249593e-07
2026-02-24T17:58:33,BTCUSDT,64247.63,64247.63,64247.63,64247.63,0.0,0,0.0,0.0,0.0,0.0,0,0
2026-02-24T17:58:34,BTCUSDT,64247.64,64247.64,64247.63,64247.63,0.06721,4,4318.0832893,0.0077,0.010000000002037268,-0.010000000002037268,0.0168025,1.7831985823618144e-06
2026-02-24T17:58:35,BTCUSDT,64247.64,64247.64,64247.63,64247.63,0.22052,16,14167.8890728,0.17052,0.010000000002037268,-0.010000000002037268,0.0137825,1.203566735480518e-05
2026-02-24T17:58:36,BTCUSDT,64247.63,64247.63,64247.63,64247.63,0.00079,1,50.7556277,0.0,0.0,0.0,0.00079,0.0
2026-02-24T17:58:37,BTCUSDT,64247.63,64247.63,64247.63,64247.63,0.05014,12,3221.3761682,0.0,0.0,0.0,0.004178333333333333,0.0
2026-02-24T17:58:38,BTCUSDT,64247.63,64247.64,64247.63,64247.63,0.05827,6,3743.709416,0.00159,0.010000000002037268,0.0,0.009711666666666667,4.2471245049217785e-07
2026-02-24T17:58:39,BTCUSDT,64247.64,64247.64,64247.64,64247.64,0.01032,2,663.0356448,0.01032,0.0,0.0,0.00516,1.556477405240099e-05
2026-02-24T17:58:40,BTCUSDT,64247.64,64247.64,64247.63,64247.64,0.2078,6,13350.6590889,0.15749,0.010000000002037268,0.0,0.034633333333333335,1.1796421356526156e-05
2026-02-24T17:58:41,BTCUSDT,64247.64,64247.64,64247.63,64247.63,0.01004,5,645.0462678,0.00626,0.010000000002037268,-0.010000000002037268,0.0020080000000000002,9.70473020695152e-06
2026-02-24T17:58:42,BTCUSDT,64247.64,64247.64,64247.64,64247.64,0.15538,16,9982.7983032,0.15538,0.0,0.0,0.00971125,1.556477405240099e-05
2026-02-24T17:58:43,BTCUSDT,64247.63,64247.64,64247.63,64247.64,0.05129,4,3295.2609919,0.00492,0.010000000002037268,0.010000000002037268,0.0128225,1.493053209470731e-06
2026-02-24T17:58:44,BTCUSDT,64247.64,64247.64,64245.58,64245.59,0.08462,152,5436.4970845,0.00563,2.0599999999976717,-2.0500000000029104,0.0005567105263157894,1.035593308060754e-06
2026-02-24T17:58:45,BTCUSDT,64245.59,64245.59,64245.58,64245.58,0.29123,11,18710.2416294,0.1366,0.00999999999476131,-0.00999999999476131,0.026475454545454545,7.300814319006766e-06
2026-02-24T17:58:46,BTCUSDT,64245.58,64245.59,64245.58,64245.59,0.0511,12,3282.949149,0.0011,0.00999999999476131,0.00999999999476131,0.004258333333333334,3.350645867710332e-07
2026-02-24T17:58:47,BTCUSDT,64245.58,64245.58,64232.09,64232.09,0.74796,833,48051.3431389,0.00322,13.490000000005239,-13.490000000005239,0.0008979111644657863,6.701165440250195e-08
2026-02-24T17:58:48,BTCUSDT,64232.09,64232.09,64223.32,64223.32,0.1171,262,7521.0562376,0.00302,8.769999999996799,-8.769999999996799,0.00044694656488549617,4.0153934561772333e-07
2026-02-24T17:58:49,BTCUSDT,64223.32,64223.33,64217.36,64217.36,0.10095,181,6483.2259456,0.00126,5.970000000001164,-5.959999999999127,0.0005577348066298343,1.94347692116936e-07
2026-02-24T17:58:50,BTCUSDT,64217.37,64217.37,64217.36,64217.36,0.0738,9,4739.241406,0.0238,0.010000000002037268,-0.010000000002037268,0.0082,5.021900756072184e-06
2026-02-24T17:58:51,BTCUSDT,64217.37,64217.37,64217.36,64217.36,0.00758,2,486.7675896,8e-05,0.010000000002037268,-0.010000000002037268,0.00379,1.6434947952418073e-07
2026-02-24T17:58:52,BTCUSDT,64217.36,64217.37,64217.36,64217.37,0.05405,34,3470.9483116,0.00036,0.010000000002037268,0.010000000002037268,0.0015897058823529412,1.0371805272837703e-07
2026-02-24T17:58:53,BTCUSDT,64217.36,64217.36,64217.36,64217.36,0.05079,29,3261.5997144,0.0,0.0,0.0,0.0017513793103448277,0.0
2026-02-24T17:58:54,BTCUSDT,64217.37,64217.37,64217.36,64217.36,0.00381,3,244.6681613,0.00197,0.010000000002037268,-0.010000000002037268,0.00127,8.051721930359722e-06
2026-02-24T17:58:55,BTCUSDT,64217.37,64217.37,64217.36,64217.37,0.24865,9,15967.6485427,0.19787,0.010000000002037268,0.0,0.02762777777777778,1.2391931064293188e-05
2026-02-24T17:58:56,BTCUSDT,64217.36,64217.36,64217.36,64217.36,0.05079,3,3261.5997144,0.0,0.0,0.0,0.01693,0.0
2026-02-24T17:58:57,BTCUSDT,64217.36,64217.37,64217.36,64217.37,0.00099,8,63.5751911,0.00047,0.010000000002037268,0.010000000002037268,0.00012375,7.392820876632804e-06
2026-02-24T17:58:58,BTCUSDT,64217.36,64217.37,64217.36,64217.37,0.06652,24,4271.7387999,0.00127,0.010000000002037268,0.010000000002037268,0.0027716666666666666,2.9730282198661827e-07
2026-02-24T17:58:59,BTCUSDT,64217.36,64217.36,64217.36,64217.36,0.05114,25,3284.0757904,0.0,0.0,0.0,0.0020456,0.0
2026-02-24T17:59:00,BTCUSDT,64217.37,64217.37,64217.36,64217.37,0.01346,4,864.3657979,0.01323,0.010000000002037268,0.0,0.003365,1.5306019780216482e-05
2026-02-24T17:59:01,BTCUSDT,64217.36,64217.37,64217.36,64217.37,0.05336,7,3426.6383587,0.00291,0.010000000002037268,0.010000000002037268,0.007622857142857142,8.492288054301702e-07
2026-02-24T17:59:02,BTCUSDT,64217.36,64226.0,64217.36,64225.99,0.14207,161,9124.4455261,0.09128,8.639999999999418,8.62999999999738,0.0008824223602484472,1.0003895550573273e-05
2026-02-24T17:59:03,BTCUSDT,64226.0,64226.0,64222.2,64222.2,0.20329,148,13056.3317631,0.00324,3.8000000000029104,-3.8000000000029104,0.001373581081081081,2.4815545888294106e-07
2026-02-24T17:59:04,BTCUSDT,64222.19,64222.19,64216.57,64216.57,0.05175,143,3323.2922225,0.00152,5.620000000002619,-5.620000000002619,0.0003618881118881119,4.573777742772664e-07
2026-02-24T17:59:05,BTCUSDT,64216.58,64216.58,64216.57,64216.57,0.23135,9,14856.5051618,0.16923,0.010000000002037268,-0.010000000002037268,0.025705555555555554,1.1390969690175522e-05
2026-02-24T17:59:06,BTCUSDT,64216.58,64216.58,64216.57,64216.58,0.00375,3,240.8121594,0.00219,0.010000000002037268,0.0,0.00125,9.094225164777954e-06
2026-02-24T17:59:07,BTCUSDT,64216.57,64216.58,64216.57,64216.58,0.05278,11,3389.3505772,0.00126,0.010000000002037268,0.010000000002037268,0.004798181818181819,3.7175263263586837e-07
2026-02-24T17:59:08,BTCUSDT,64216.57,64216.58,64212.58,64212.58,0.57854,237,37151.384232,0.00063,4.0,-3.9899999999979627,0.0024410970464135025,1.6957645402007804e-08
2026-02-24T17:59:09,BTCUSDT,64212.59,64212.59,64212.58,64212.59,0.01182,3,758.9928127,0.01171,0.00999999999476131,0.0,0.00394,1.5428341091061823e-05
2026-02-24T17:59:10,BTCUSDT,64212.58,64212.59,64212.58,64212.59,0.23519,6,15102.1585342,0.1844,0.00999999999476131,0.00999999999476131,0.039198333333333335,1.2210175094004742e-05
2026-02-24T17:59:11,BTCUSDT,64212.58,64212.58,64212.58,64212.58,0.06,2,3852.7548,0.0,0.0,0.0,0.03,0.0
2026-02-24T17:59:12,BTCUSDT,64212.58,64212.59,64212.58,64212.59,0.00171,2,109.803521,0.00092,0.00999999999476131,0.00999999999476131,0.000855,8.378601994010739e-06
2026-02-24T17:59:13,BTCUSDT,64212.59,64212.59,64212.58,64212.59,0.05021,3,3224.1136439,0.00021,0.00999999999476131,0.0,0.016736666666666667,6.513418048936287e-08
2026-02-24T17:59:14,BTCUSDT,64212.59,64212.59,64212.58,64212.59,0.06092,7,3911.8304436,0.007,0.00999999999476131,0.0,0.008702857142857142,1.7894436123765127e-06
2026-02-24T17:59:15,BTCUSDT,64212.59,64212.59,64212.59,64212.59,0.00299,3,191.9956441,0.00299,0.0,0.0,0.0009966666666666668,1.5573269977118194e-05
2026-02-24T17:59:16,BTCUSDT,64212.58,64212.59,64212.58,64212.58,0.07205,5,4626.5166033,0.02143,0.00999999999476131,0.0,0.014410000000000001,4.6319946165792255e-06
2026-02-24T17:59:17,BTCUSDT,64212.59,64212.59,64212.58,64212.58,0.0517,23,3319.7903939,0.00079,0.00999999999476131,-0.00999999999476131,0.002247826086956522,2.379668311142769e-07
2026-02-24T17:59:18,BTCUSDT,64212.58,64212.58,64212.58,64212.58,0.0,0,0.0,0.0,0.0,0.0,0,0
2026-02-24T17:59:19,BTCUSDT,64212.59,64212.59,64212.58,64212.59,0.05201,37,3339.6963009,0.00151,0.00999999999476131,0.0,0.0014056756756756757,4.5213692023226085e-07
2026-02-24T17:59:20,BTCUSDT,64212.59,64212.59,64212.58,64212.58,0.197,6,12649.87973,0.147,0.00999999999476131,-0.00999999999476131,0.03283333333333333,1.1620663843260113e-05
2026-02-24T17:59:21,BTCUSDT,64212.58,64212.59,64212.58,64212.59,0.00558,8,358.3062041,0.00077,0.00999999999476131,0.00999999999476131,0.0006975,2.1489999089859465e-06
2026-02-24T17:59:22,BTCUSDT,64212.58,64212.59,64212.58,64212.58,0.05359,3,3441.1521837,0.00215,0.00999999999476131,0.0,0.017863333333333332,6.247907343895132e-07
2026-02-24T17:59:23,BTCUSDT,64212.58,64212.59,64212.58,64212.59,0.05079,2,3261.3569461,0.00079,0.00999999999476131,0.00999999999476131,0.025395,2.422304620611058e-07
2026-02-24T17:59:24,BTCUSDT,64212.59,64212.59,64212.59,64212.59,0.00469,1,301.1570471,0.00469,0.0,0.0,0.00469,1.5573269977118194e-05
2026-02-24T17:59:25,BTCUSDT,64212.58,64212.59,64212.58,64212.59,0.22973,10,14751.5576249,0.16215,0.00999999999476131,0.00999999999476131,0.022973,1.0992059558937539e-05
2026-02-24T17:59:26,BTCUSDT,64212.58,64212.59,64212.58,64212.58,0.05419,5,3479.6797119,0.00017,0.00999999999476131,0.0,0.010838,4.8855071177564035e-08
2026-02-24T17:59:27,BTCUSDT,64212.58,64219.02,64212.58,64219.02,0.35738,283,22948.7140535,0.34819,6.439999999995052,6.439999999995052,0.0012628268551236749,1.5172527714985239e-05
2026-02-24T17:59:28,BTCUSDT,64219.01,64219.01,64219.01,64219.01,0.05013,2,3219.2989713,0.0,0.0,0.0,0.025065,0.0
2026-02-24T17:59:29,BTCUSDT,64219.01,64219.02,64219.01,64219.02,0.01124,7,721.82174,0.00676,0.00999999999476131,0.00999999999476131,0.0016057142857142856,9.365193129262082e-06
2026-02-24T17:59:30,BTCUSDT,64219.02,64219.02,64219.01,64219.02,0.05475,4,3515.9908419,0.00444,0.00999999999476131,0.0,0.0136875,1.2628019240234075e-06
2026-02-24T17:59:31,BTCUSDT,64219.01,64219.02,64219.01,64219.01,0.05124,3,3290.5820769,0.00045,0.00999999999476131,0.0,0.01708,1.36753920578069e-07
2026-02-24T17:59:32,BTCUSDT,64219.02,64219.02,64219.01,64219.02,0.03729,4,2394.7269119,0.0029,0.00999999999476131,0.0,0.0093225,1.2109940325926815e-06
2026-02-24T17:59:33,BTCUSDT,64219.01,64219.02,64219.01,64219.01,0.05232,12,3359.9386108,0.00076,0.00999999999476131,0.0,0.00436,2.2619460890062046e-07
2026-02-24T17:59:34,BTCUSDT,64219.01,64234.0,64219.01,64230.72,1.52512,345,97953.3267556,1.47072,14.989999999997963,11.709999999999127,0.00442063768115942,1.5014497707357538e-05
2026-02-24T17:59:35,BTCUSDT,64230.72,64230.72,64230.72,64230.72,0.14738,2,9466.3235136,0.14738,0.0,0.0,0.07369,1.5568874208478435e-05
2026-02-24T17:59:36,BTCUSDT,64230.71,64230.71,64230.71,64230.71,0.00123,2,79.0037733,0.0,0.0,0.0,0.000615,0.0
2026-02-24T17:59:37,BTCUSDT,64230.72,64230.72,64230.72,64230.72,0.00076,1,48.8153472,0.00076,0.0,0.0,0.00076,1.5568874208478435e-05
2026-02-24T17:59:38,BTCUSDT,64230.72,64230.72,64230.72,64230.72,0.00089,2,57.1653408,0.00089,0.0,0.0,0.000445,1.5568874208478435e-05
2026-02-24T17:59:39,BTCUSDT,64230.72,64230.72,64230.72,64230.72,0.00102,2,65.5153344,0.00102,0.0,0.0,0.00051,1.5568874208478435e-05
2026-02-24T17:59:40,BTCUSDT,64230.71,64230.72,64230.71,64230.71,0.15006,6,9638.4617928,0.14502,0.010000000002037268,0.0,0.02501,1.5045969275754247e-05
2026-02-24T17:59:41,BTCUSDT,64230.71,64230.72,64230.71,64230.71,0.00635,5,407.8650201,0.00116,0.010000000002037268,0.0,0.0012699999999999999,2.8440781700661463e-06
2026-02-24T17:59:42,BTCUSDT,64230.72,64230.72,64230.71,64230.71,0.00545,4,350.0573712,0.00017,0.010000000002037268,-0.010000000002037268,0.0013625,4.856346815873021e-07
2026-02-24T17:59:43,BTCUSDT,64230.71,64230.72,64230.71,64230.72,0.00918,2,589.6380069,0.00891,0.010000000002037268,0.010000000002037268,0.00459,1.5110966212717519e-05
2026-02-24T17:59:44,BTCUSDT,64230.71,64230.71,64230.71,64230.71,0.00041,1,26.3345911,0.0,0.0,0.0,0.00041,0.0
2026-02-24T17:59:45,BTCUSDT,64230.71,64230.71,64230.71,64230.71,0.0,0,0.0,0.0,0.0,0.0,0,0
2026-02-24T17:59:46,BTCUSDT,64230.71,64230.72,64230.71,64230.72,0.01779,23,1142.6644899,0.0159,0.010000000002037268,0.010000000002037268,0.0007734782608695652,1.3914845644141339e-05
2026-02-24T17:59:47,BTCUSDT,64230.72,64230.72,64230.72,64230.72,0.0,0,0.0,0.0,0.0,0.0,0,0
2026-02-24T17:59:48,BTCUSDT,64230.71,64230.72,64230.71,64230.72,0.00667,3,428.4188842,0.00485,0.010000000002037268,0.010000000002037268,0.0022233333333333332,1.1320696119772025e-05
2026-02-24T17:59:49,BTCUSDT,64230.71,64230.72,64230.71,64230.71,0.1252,6,8041.6849287,0.00367,0.010000000002037268,0.0,0.02086666666666667,4.5637202060753753e-07
2026-02-24T17:59:50,BTCUSDT,64230.72,64230.72,64230.72,64230.72,0.16882,59,10843.4301504,0.16882,0.0,0.0,0.00286135593220339,1.5568874208478435e-05
2026-02-24T17:59:51,BTCUSDT,64230.72,64230.72,64230.72,64230.72,0.0013,3,83.499936,0.0013,0.0,0.0,0.0004333333333333333,1.5568874208478432e-05
2026-02-24T17:59:52,BTCUSDT,64230.71,64230.71,64230.71,64230.71,0.00512,2,328.8612352,0.0,0.0,0.0,0.00256,0.0
2026-02-24T17:59:53,BTCUSDT,64230.71,64230.71,64227.34,64227.35,0.52782,254,33901.6068606,0.00021,3.3700000000026193,-3.360000000000582,0.002078031496062992,6.194396650975835e-09
2026-02-24T17:59:54,BTCUSDT,64227.34,64227.34,64227.34,64227.34,0.05,16,3211.367,0.0,0.0,0.0,0.003125,0.0
2026-02-24T17:59:55,BTCUSDT,64227.34,64227.35,64227.34,64227.35,0.20879,9,13410.0278975,0.15789,0.010000000002037268,0.010000000002037268,0.02319888888888889,1.1774024722904197e-05
2026-02-24T17:59:56,BTCUSDT,64227.35,64227.35,64226.76,64226.76,0.01214,101,779.7194645,0.0004,0.5899999999965075,-0.5899999999965075,0.0001201980198019802,5.130050206666349e-07
2026-02-24T17:59:57,BTCUSDT,64226.76,64226.76,64219.71,64219.71,0.91807,310,58964.1194873,0.0067,7.05000000000291,-7.05000000000291,0.0029615161290322584,1.1362842451065654e-07
2026-02-24T17:59:58,BTCUSDT,64219.71,64219.71,64219.7,64219.71,0.05131,4,3295.1128097,0.00027,0.010000000002037268,0.0,0.0128275,8.193953154052466e-08
2026-02-24T17:59:59,BTCUSDT,64219.71,64219.71,64219.71,64219.71,0.01194,4,766.7833374,0.01194,0.0,0.0,0.002985,1.557154337819339e-05
2026-02-24T18:00:00,BTCUSDT,64219.7,64219.7,64198.89,64198.9,0.54261,705,34841.2246779,0.0012,20.80999999999767,-20.799999999995634,0.0007696595744680852,3.444195808539323e-08
2026-02-24T18:00:01,BTCUSDT,64198.9,64198.9,64192.0,64192.01,0.31604,322,20288.9369688,0.00396,6.900000000001455,-6.889999999999418,0.0009814906832298137,1.9518026036009792e-07
2026-02-24T18:00:02,BTCUSDT,64192.0,64192.01,64192.0,64192.01,0.004,8,256.7680244,0.00244,0.010000000002037268,0.010000000002037268,0.0005,9.502740871655046e-06
2026-02-24T18:00:03,BTCUSDT,64192.0,64192.01,64192.0,64192.01,0.05115,4,3283.4208115,0.00115,0.010000000002037268,0.010000000002037268,0.0127875,3.5024447550925804e-07
2026-02-24T18:00:04,BTCUSDT,64192.01,64192.01,64192.0,64192.0,0.05311,7,3409.2371419,0.00219,0.010000000002037268,-0.010000000002037268,0.0075871428571428565,6.423724454613599e-07
2026-02-24T18:00:05,BTCUSDT,64192.01,64192.01,64192.0,64192.01,0.17813,11,11434.5227283,0.17683,0.010000000002037268,0.0,0.016193636363636365,1.546457199847551e-05
2026-02-24T18:00:06,BTCUSDT,64192.01,64192.01,64192.0,64192.0,0.071,3,4557.63221,0.021,0.010000000002037268,-0.010000000002037268,0.023666666666666666,4.607655693217949e-06
2026-02-24T18:00:07,BTCUSDT,64192.01,64192.01,64192.0,64192.0,0.05094,3,3269.9404894,0.00094,0.010000000002037268,-0.010000000002037268,0.01698,2.8746700530090693e-07
2026-02-24T18:00:08,BTCUSDT,64192.01,64192.01,64192.01,64192.01,0.00264,4,169.4669064,0.00264,0.0,0.0,0.00066,1.557826277756375e-05
2026-02-24T18:00:09,BTCUSDT,64192.0,64192.0,64192.0,64192.0,0.05,1,3209.6,0.0,0.0,0.0,0.05,0.0
2026-02-24T18:00:10,BTCUSDT,64192.01,64196.51,64192.0,64196.51,0.29243,166,18771.6886748,0.22243,4.510000000002037,4.5,0.0017616265060240966,1.1849226985028817e-05
2026-02-24T18:00:11,BTCUSDT,64196.5,64196.51,64196.5,64196.51,0.01749,77,1122.7969569,0.01719,0.010000000002037268,0.010000000002037268,0.00022714285714285713,1.5309980931424096e-05
2026-02-24T18:00:12,BTCUSDT,64196.51,64203.1,64196.51,64203.1,0.02642,238,1696.1243328,0.02642,6.5899999999965075,6.5899999999965075,0.00011100840336134453,1.5576688270479128e-05
2026-02-24T18:00:13,BTCUSDT,64203.1,64203.1,64203.09,64203.1,0.06353,46,4078.8224288,0.01211,0.010000000002037268,0.0,0.001381086956521739,2.9689941671627984e-06
2026-02-24T18:00:14,BTCUSDT,64203.1,64203.1,64203.1,64203.1,0.00286,4,183.620866,0.00286,0.0,0.0,0.000715,1.5575571896061092e-05
2026-02-24T18:00:15,BTCUSDT,64203.1,64203.1,64203.09,64203.1,0.13252,18,8508.1948073,0.13205,0.010000000002037268,0.0,0.007362222222222222,1.552033104445394e-05
2026-02-24T18:00:16,BTCUSDT,64203.09,64203.09,64203.09,64203.09,0.04537,1,2912.8941933,0.0,0.0,0.0,0.04537,0.0
2026-02-24T18:00:17,BTCUSDT,64203.1,64203.1,64203.1,64203.1,0.00067,5,43.016077,0.00067,0.0,0.0,0.000134,1.5575571896061092e-05
2026-02-24T18:00:18,BTCUSDT,64203.1,64203.1,64203.09,64203.1,0.01228,35,788.4140575,0.01123,0.010000000002037268,0.0,0.00035085714285714283,1.4243784586501998e-05
2026-02-24T18:00:19,BTCUSDT,64203.1,64203.1,64203.1,64203.1,0.00158,11,101.440898,0.00158,0.0,0.0,0.00014363636363636363,1.5575571896061092e-05
2026-02-24T18:00:20,BTCUSDT,64203.1,64203.1,64203.1,64203.1,0.14507,8,9313.943717,0.14507,0.0,0.0,0.01813375,1.5575571896061092e-05
2026-02-24T18:00:21,BTCUSDT,64203.09,64203.1,64203.09,64203.09,0.01477,7,948.2796404,0.00011,0.010000000002037268,0.0,0.00211,1.1599953780891066e-07
2026-02-24T18:00:22,BTCUSDT,64203.09,64203.1,64203.09,64203.09,0.00106,10,68.0552823,0.00069,0.010000000002037268,0.0,0.000106,1.0138816219413433e-05
2026-02-24T18:00:23,BTCUSDT,64203.1,64203.1,64203.09,64203.1,0.00219,5,140.6047744,0.00073,0.010000000002037268,0.0,0.000438,5.191857837794731e-06
2026-02-24T18:00:24,BTCUSDT,64203.1,64203.1,64203.1,64203.1,0.00164,5,105.293084,0.00164,0.0,0.0,0.000328,1.5575571896061096e-05
2026-02-24T18:00:25,BTCUSDT,64203.1,64203.1,64203.1,64203.1,0.03768,7,2419.172808,0.03768,0.0,0.0,0.005382857142857142,1.5575571896061096e-05
2026-02-24T18:00:26,BTCUSDT,64203.1,64203.1,64203.09,64203.09,0.00445,37,285.7037916,0.00411,0.010000000002037268,-0.010000000002037268,0.00012027027027027027,1.4385528371825781e-05
2026-02-24T18:00:27,BTCUSDT,64203.1,64206.91,64203.09,64206.9,0.02938,221,1886.352314,0.0279,3.820000000006985,3.8000000000029104,0.00013294117647058822,1.4790450221272929e-05
2026-02-24T18:00:28,BTCUSDT,64206.9,64206.91,64206.9,64206.91,0.00036,2,23.1144858,0.00018,0.010000000002037268,0.010000000002037268,0.00018,7.787324431850437e-06
2026-02-24T18:00:29,BTCUSDT,64206.9,64206.91,64206.9,64206.91,0.00454,22,291.4993699,0.00439,0.010000000002037268,0.010000000002037268,0.00020636363636363636,1.5060066858827197e-05
2026-02-24T18:00:30,BTCUSDT,64206.91,64206.91,64206.91,64206.91,0.00105,3,67.4172555,0.00105,0.0,0.0,0.00035,1.5574647650852534e-05
2026-02-24T18:00:31,BTCUSDT,64206.91,64206.91,64206.9,64206.9,0.05092,3,3269.4153572,0.00092,0.010000000002037268,-0.010000000002037268,0.016973333333333333,2.8139587647496355e-07
2026-02-24T18:00:32,BTCUSDT,64206.91,64206.91,64206.9,64206.91,0.01771,15,1137.1042226,0.00236,0.010000000002037268,0.0,0.0011806666666666667,2.075447397956044e-06
2026-02-24T18:00:33,BTCUSDT,64206.91,64206.91,64206.9,64206.91,0.09724,7,6243.4789733,0.00173,0.010000000002037268,0.0,0.01389142857142857,2.770891048721841e-07
2026-02-24T18:00:34,BTCUSDT,64206.91,64206.91,64206.9,64206.9,0.06077,6,3901.8534055,0.00925,0.010000000002037268,-0.010000000002037268,0.010128333333333333,2.370668253953704e-06
2026-02-24T18:00:35,BTCUSDT,64206.91,64216.0,64206.91,64216.0,0.34028,452,21848.8212837,0.33909,9.089999999996508,9.089999999996508,0.0007528318584070797,1.5519830365081218e-05
2026-02-24T18:00:36,BTCUSDT,64216.0,64216.0,64215.99,64216.0,0.01092,20,701.2386407,0.00299,0.010000000002037268,0.0,0.0005459999999999999,4.263883685895121e-06
2026-02-24T18:00:37,BTCUSDT,64215.99,64221.77,64215.99,64221.77,0.02213,177,1421.1613237,0.01915,5.779999999998836,5.779999999998836,0.00012502824858757062,1.3474895270962545e-05
2026-02-24T18:00:38,BTCUSDT,64221.76,64222.0,64221.76,64222.0,0.05374,150,3451.2785742,0.04791,0.23999999999796273,0.23999999999796273,0.0003582666666666667,1.3881811905347412e-05
2026-02-24T18:00:39,BTCUSDT,64222.0,64227.34,64222.0,64227.34,0.06248,226,4012.7772863,0.06248,5.3399999999965075,5.3399999999965075,0.00027646017699115043,1.557026357114625e-05
2026-02-24T18:00:40,BTCUSDT,64227.33,64230.32,64227.33,64230.32,0.14697,161,9439.9046648,0.14685,2.9899999999979627,2.9899999999979627,0.0009128571428571428,1.555630117193681e-05
2026-02-24T18:00:41,BTCUSDT,64230.32,64230.32,64230.32,64230.32,0.00016,2,10.2768512,0.00016,0.0,0.0,8e-05,1.5568971165019887e-05
2026-02-24T18:00:42,BTCUSDT,64230.31,64230.31,64230.31,64230.31,0.0087,1,558.803697,0.0,0.0,0.0,0.0087,0.0
2026-02-24T18:00:43,BTCUSDT,64230.31,64230.31,64230.31,64230.31,0.00079,1,50.7419449,0.0,0.0,0.0,0.00079,0.0
2026-02-24T18:00:44,BTCUSDT,64230.32,64230.32,64230.32,64230.32,0.00123,11,79.0032936,0.00123,0.0,0.0,0.00011181818181818181,1.5568971165019884e-05
2026-02-24T18:00:45,BTCUSDT,64230.32,64230.32,64230.32,64230.32,0.00018,1,11.5614576,0.00018,0.0,0.0,0.00018,1.5568971165019884e-05
2026-02-24T18:00:46,BTCUSDT,64230.32,64237.34,64230.32,64237.25,0.08187,310,5258.8179722,0.07522,7.019999999996799,6.930000000000291,0.00026409677419354837,1.4303594533532044e-05
2026-02-24T18:00:47,BTCUSDT,64237.24,64251.85,64237.24,64250.0,0.46707,280,30006.8046416,0.46647,14.610000000000582,12.760000000002037,0.0016681071428571428,1.5545473954041355e-05
2026-02-24T18:00:48,BTCUSDT,64249.99,64250.0,64249.99,64249.99,0.20318,12,13054.3129783,0.00101,0.010000000002037268,0.0,0.016931666666666668,7.736906581594212e-08
2026-02-24T18:00:49,BTCUSDT,64250.0,64250.0,64249.99,64249.99,0.05923,8,3805.526996,0.00883,0.010000000002037268,-0.010000000002037268,0.00740375,2.3203093840304477e-06
2026-02-24T18:00:50,BTCUSDT,64250.0,64250.0,64249.99,64249.99,0.17857,14,11473.1224937,0.17794,0.010000000002037268,-0.010000000002037268,0.012755,1.550929139802251e-05
2026-02-24T18:00:51,BTCUSDT,64250.0,64250.0,64249.99,64249.99,0.05139,4,3301.806998,0.00119,0.010000000002037268,-0.010000000002037268,0.0128475,3.604087097522107e-07
2026-02-24T18:00:52,BTCUSDT,64249.99,64250.0,64249.99,64250.0,0.05085,6,3267.1119938,0.00023,0.010000000002037268,0.010000000002037268,0.008475,7.03985662066287e-08
2026-02-24T18:00:53,BTCUSDT,64250.0,64250.0,64249.99,64249.99,0.00051,3,32.767496,0.00011,0.010000000002037268,-0.010000000002037268,0.00017,3.3569852270677013e-06
2026-02-24T18:00:54,BTCUSDT,64249.99,64250.0,64249.99,64249.99,0.05199,5,3340.3569817,0.00016,0.010000000002037268,0.0,0.010398000000000001,4.789907212808482e-08
2026-02-24T18:00:55,BTCUSDT,64249.99,64250.0,64249.99,64249.99,0.05942,17,3817.734421,0.00152,0.010000000002037268,0.0,0.0034952941176470587,3.9814189055137527e-07
2026-02-24T18:00:56,BTCUSDT,64249.99,64250.0,64249.99,64249.99,0.00549,6,352.7324943,0.00492,0.010000000002037268,0.0,0.000915,1.3948247126377663e-05
2026-02-24T18:00:57,BTCUSDT,64249.99,64250.0,64249.97,64249.97,0.05069,67,3256.8319118,0.00029,0.029999999998835847,-0.01999999999679858,0.0007565671641791044,8.904358832560123e-08
2026-02-24T18:00:58,BTCUSDT,64249.97,64249.97,64245.47,64245.47,0.0533,169,3424.354838,0.0,4.5,-4.5,0.0003153846153846154,0.0
2026-02-24T18:00:59,BTCUSDT,64245.47,64245.48,64245.47,64245.47,0.01076,11,691.2813532,0.0096,0.010000000002037268,0.0,0.0009781818181818181,1.3887254379943543e-05
